{
	"credit": "Made with Blockbench",
	"textures": {
		"1": "block/quartz_block_bottom",
		"particle": "block/quartz_block_bottom"
	},
	"elements": [
		{
			"from": [4, 4, 4],
			"to": [12, 9, 12],
			"rotation": {"angle": 0, "axis": "y", "origin": [10, -2, 10]},
			"faces": {
				"north": {"uv": [4, 2, 14, 8], "texture": "#1"},
				"east": {"uv": [4, 2, 14, 8], "texture": "#1"},
				"south": {"uv": [4, 2, 14, 8], "texture": "#1"},
				"west": {"uv": [4, 2, 14, 8], "texture": "#1"},
				"up": {"uv": [4, 3, 14, 13], "texture": "#1"},
				"down": {"uv": [4, 3, 14, 13], "texture": "#1"}
			}
		},
		{
			"from": [4, 14, 4],
			"to": [12, 16, 12],
			"rotation": {"angle": 0, "axis": "y", "origin": [10, 10, 10]},
			"faces": {
				"north": {"uv": [4, 2, 14, 8], "texture": "#1"},
				"east": {"uv": [4, 2, 14, 8], "texture": "#1"},
				"south": {"uv": [4, 2, 14, 8], "texture": "#1"},
				"west": {"uv": [4, 2, 14, 8], "texture": "#1"},
				"up": {"uv": [4, 3, 14, 13], "texture": "#1"},
				"down": {"uv": [4, 3, 14, 13], "texture": "#1"}
			}
		},
		{
			"from": [5, 9, 5],
			"to": [11, 14, 11],
			"rotation": {"angle": 0, "axis": "y", "origin": [7.5, -1.5, 7.5]},
			"faces": {
				"north": {"uv": [4, 2, 12, 8], "texture": "#1"},
				"east": {"uv": [4, 2, 12, 8], "texture": "#1"},
				"south": {"uv": [4, 2, 12, 8], "texture": "#1"},
				"west": {"uv": [4, 2, 12, 8], "texture": "#1"},
				"up": {"uv": [4, 3, 12, 11], "texture": "#1"},
				"down": {"uv": [4, 3, 12, 11], "texture": "#1"}
			}
		},
		{
			"from": [3, 3, 3],
			"to": [13, 4, 13],
			"rotation": {"angle": 0, "axis": "y", "origin": [10, -4, 10]},
			"faces": {
				"north": {"uv": [2, 3, 14, 5], "texture": "#1"},
				"east": {"uv": [2, 3, 14, 5], "texture": "#1"},
				"south": {"uv": [2, 3, 14, 5], "texture": "#1"},
				"west": {"uv": [2, 3, 14, 5], "texture": "#1"},
				"up": {"uv": [2, 2, 14, 14], "texture": "#1"},
				"down": {"uv": [2, 2, 14, 14], "texture": "#1"}
			}
		},
		{
			"from": [1, 1, 1],
			"to": [15, 3, 15],
			"rotation": {"angle": 0, "axis": "y", "origin": [10, -8, 10]},
			"faces": {
				"north": {"uv": [0, 0, 16, 4], "texture": "#1"},
				"east": {"uv": [0, 0, 16, 4], "texture": "#1"},
				"south": {"uv": [0, 0, 16, 4], "texture": "#1"},
				"west": {"uv": [0, 0, 16, 4], "texture": "#1"},
				"up": {"uv": [0, 0, 16, 16], "texture": "#1"},
				"down": {"uv": [0, 0, 16, 16], "texture": "#1"}
			}
		},
		{
			"from": [0, 0, 0],
			"to": [16, 1, 16],
			"rotation": {"angle": 0, "axis": "y", "origin": [10, -8, 10]},
			"faces": {
				"north": {"uv": [0, 0, 16, 4], "texture": "#1"},
				"east": {"uv": [0, 0, 16, 4], "texture": "#1"},
				"south": {"uv": [0, 0, 16, 4], "texture": "#1"},
				"west": {"uv": [0, 0, 16, 4], "texture": "#1"},
				"up": {"uv": [0, 0, 16, 16], "texture": "#1"},
				"down": {"uv": [0, 0, 16, 16], "texture": "#1"}
			}
		}
	],
	"display": {
		"thirdperson_righthand": {
			"translation": [0, 11, 0],
			"scale": [0.5, 0.5, 0.5]
		},
		"thirdperson_lefthand": {
			"translation": [0, 11, 0],
			"scale": [0.5, 0.5, 0.5]
		},
		"firstperson_righthand": {
			"translation": [0, 10, -2],
			"scale": [0.5, 0.5, 0.5]
		},
		"firstperson_lefthand": {
			"translation": [0, 10, -2],
			"scale": [0.5, 0.5, 0.5]
		},
		"ground": {
			"translation": [0, 8, 0],
			"scale": [0.5, 0.5, 0.5]
		},
		"gui": {
			"rotation": [30, 45, 0],
			"translation": [0, 5.75, 0],
			"scale": [0.5, 0.5, 0.5]
		},
		"head": {
			"translation": [0, 2, 0],
			"scale": [1.45, 1.45, 1.45]
		},
		"fixed": {
			"translation": [0, 4, -1],
			"scale": [0.5, 0.5, 0.5]
		}
	},
	"groups": [
		{
			"name": "Piece",
			"origin": [10, 32, 10],
			"color": 0,
			"children": [0, 1, 2, 3, 4, 5]
		}
	]
}